FID,CITY_NAME,CNTRY_NAME,FIPS_CNTRY,geometry,POP_updated,POP_rank_updated,capital,distance_sea,city_type,pop_diff,all_coast,all_inland,single_city_cntry,first_batch,UN
1556,Saint John's,Antigua & Barbuda,AC,POINT (-6884239.60382339 1935354.668958882),185565,5,1,0.6844503110008122,coast,,1,0,1,0,1
2257,Abu Dhabi,United Arab Emirates,AE,POINT (6052551.857334056 2811519.478346775),1202756,2,1,2.3474581206615244,coast,,1,0,0,0,1
1072,Kabul,Afghanistan,AF,POINT (7696268.728135633 4100315.268073557),4434600,2,1,1192.1079751941056,inland,,0,1,0,0,1
1910,Algiers,Algeria,AG,POINT (339524.5968838515 4408944.066085605),2364230,2,1,1.5539633823446353,coast,,0,0,0,1,1
1927,Batna,Algeria,AG,POINT (687064.1558494179 4239835.49229873),1119791,2,0,171.6121082073925,inland,1244439,0,0,0,1,1
2260,Baku,Azerbaijan,AJ,POINT (5545491.675859502 4913136.81289354),1291000,2,1,1364.705621756775,inland,,0,1,0,0,1
631,Tirana,Albania,AL,POINT (2207688.627163694 5061435.007492984),418495,4,1,36.166383429535095,inland,,0,0,0,1,1
605,Durres,Albania,AL,POINT (2165609.867959815 5060694.538294576),113249,5,0,1.8254640110602915,coast,305246,0,0,0,1,1
781,Yerevan,Armenia,AM,POINT (4957354.741848419 4896218.999234366),1086677,2,1,1047.2054633759076,inland,,0,1,1,0,1
1920,Andorra La Valla,Andorra,AN,POINT (168834.081915411 5236173.475221044),20719,7,1,169.73754732218742,inland,,0,1,1,0,1
2353,Luanda,Angola,AO,POINT (1473313.952495144 -984837.4753770076),6759313,1,1,0.2950611716294471,coast,,0,0,0,1,1
2369,Lubango,Angola,AO,POINT (1501922.501037818 -1679867.283072556),600751,3,0,135.39996981900302,inland,6158562,0,0,0,1,1
118,Buenos Aires,Argentina,AR,POINT (-6506605.724084264 -4112697.465926597),3121707,2,1,9.315992216914378,coast,,0,0,0,1,1
40,Mendoza,Argentina,AR,POINT (-7662120.726758549 -3881640.146013631),2043540,2,0,291.6802984,inland,1078167,0,0,0,1,1
2503,Canberra,Australia,AS,POINT (16591280.37395597 -4211547.337648792),490181,4,1,135.86956189983505,inland,,0,0,0,1,1
1509,Newcastle,Australia,AS,POINT (16896022.82511578 -3885745.501469384),348539,4,0,0.3151599599679253,coast,141642,0,0,0,1,1
971,Vienna,Austria,AU,POINT (1816843.009624857 6140546.352434938),2005760,2,1,497.26234959508105,inland,,0,1,0,0,1
2237,Manama,Bahrain,BA,POINT (5630911.586702108 3025940.92552809),143035,5,1,1.9962565110131167,coast,,1,0,0,0,1
1564,Bridgetown,Barbados,BB,POINT (-6636405.688674965 1470687.656072058),5996,7,1,0.1870149313445605,coast,,1,0,1,0,1
2466,Gaborone,Botswana,BC,POINT (2888829.663737562 -2831582.514685547),246325,5,1,754.073683,inland,,0,1,0,0,1
1957,Brussels,Belgium,BE,POINT (486243.2506994755 6592512.098935912),196828,5,1,135.83718915476874,inland,,0,1,0,0,1
484,Nassau,The Bahamas,BF,POINT (-8609449.038538463 2883976.058592453),296522,4,1,1.4673914500305036,coast,,1,0,1,0,1
1332,Dhaka,Bangladesh,BG,POINT (10064077.04751147 2718099.612432338),11086309,1,1,153.72807794572526,inland,,0,0,0,1,1
1176,Chittagong,Bangladesh,BG,POINT (10221912.50286027 2551191.944842394),3669170,2,0,7.226875768822382,coast,7417139,0,0,0,1,1
371,Belmopan,Belize,BH,POINT (-9885171.072280353 1934798.000177831),21974,7,1,55.21099881052503,inland,,0,0,0,1,1
367,Corozal,Belize,BH,POINT (-9839307.217407905 2084186.541703483),9726,7,0,0.843419708,coast,12248,0,0,0,1,1
601,Sarajevo,Bosnia & Herzegovina,BK,POINT (2051618.472746555 5445345.751084878),348363,4,1,161.06387890356888,inland,,0,1,1,0,1
15,La Paz,Bolivia,BL,POINT (-7586005.249440206 -1862583.583793999),3022566,2,1,329.25625933090095,inland,,0,1,0,0,1
2540,Nay Pyi Taw,Myanmar,BM,POINT (10709941.57817019 2241485.641536775),333506,4,1,251.05950561195908,inland,,0,0,0,1,1
1182,Moulmein,Myanmar,BM,POINT (10869795.27946102 1861849.023895166),253734,4,0,2.9672502098062137,coast,79772,0,0,0,1,1
1879,Porto Novo,Benin,BN,POINT (293048.5936835907 736462.5961503907),264320,4,1,26.14335410658867,coast,,0,0,0,1,1
1867,Parakou,Benin,BN,POINT (292325.2528397634 1043231.931624062),255478,4,0,331.0847682558189,inland,8842,0,0,0,1,1
2082,Minsk,Belarus,BO,POINT (3069697.222947701 7151228.485114246),1995471,2,1,728.5611170268029,inland,,0,1,0,0,1
2524,Honiara,Solomon Is.,BP,POINT (17805750.75022371 -1054948.288705814),130176,5,1,0.5830219643068528,coast,,1,0,1,0,1
2,Brasilia,Brazil,BR,POINT (-5331952.879361961 -1780660.510942823),2817381,2,1,929.2545814707934,inland,,0,0,0,1,1
158,Salvador,Brazil,BR,POINT (-4283685.618968048 -1458932.893012096),2899520,2,0,2.5218550245604017,coast,82139,0,0,0,1,1
1103,Thimphu,Bhutan,BT,POINT (9981684.830035359 3178928.34727058),114551,5,1,605.8575238285358,inland,,0,1,0,0,1
704,Sofia,Bulgaria,BU,POINT (2597291.931764458 5267520.673936927),1196806,2,1,290.1739651210817,inland,,0,1,0,0,1
1410,Bandar Seri Begawan,Brunei,BX,POINT (12798067.83593805 549818.6277673412),266682,4,1,5.087967192313968,coast,,1,0,1,0,1
2409,Bujumbura,Burundi,BY,POINT (3267895.230017211 -375586.5341722627),497166,4,1,1089.4774957029797,inland,,0,1,0,0,1
1580,Ottawa,Canada,CA,POINT (-8421431.096845938 5680594.187676572),1068821,2,1,649.0128768,inland,,0,0,0,1,1
189,Victoria,Canada,CA,POINT (-13733596.97624419 6181041.564939562),363222,4,0,1.2747804313034596,coast,705599,0,0,0,1,1
1252,Phnom Penh,Cambodia,CB,POINT (11678882.81412378 1296212.388371254),2189460,2,1,135.05085219833447,inland,,0,1,0,0,1
524,Ndjamena,Chad,CD,POINT (1696600.922334925 1357562.055225393),951418,3,1,1095.779544376716,inland,,0,1,0,0,1
1131,Colombo,Sri Lanka,CE,POINT (8888638.74445628 772995.8303282269),22156000,1,1,0.5148430584164019,coast,,0,0,0,1,1
1129,Kandy,Sri Lanka,CE,POINT (8976470.147595041 813043.8632471767),98828,6,0,87.62556545529408,inland,22057172,0,0,0,1,1
2342,Brazzaville,Congo,CF,POINT (1701534.159943905 -477470.2863033963),2138236,2,1,364.4077988,inland,,0,0,0,1,1
2364,Pointe Noire,Congo,CF,POINT (1342300.707339681 -516943.6428286458),1398812,2,0,25.924563990108894,coast,739424,0,0,0,1,1
2348,Kinshasa,"Congo, DRC",CG,POINT (1703077.039000458 -481468.0173420395),7273947,1,1,363.6681139,inland,,0,1,0,0,1
1368,Beijing,China,CH,POINT (12956256.94833168 4852319.277156574),18960744,1,1,190.1294321911831,inland,,0,0,0,1,1
1360,Shanghai,China,CH,POINT (13522312.5518638 3664998.712136491),21909814,1,0,29.268922305736176,coast,2949070,0,0,0,1,1
42,Santiago,Chile,CI,POINT (-7864445.457264903 -3958526.403416735),536089,3,1,106.84763829130588,inland,,0,0,0,1,1
36,Antofagasta,Chile,CI,POINT (-7836780.681913052 -2709723.265602158),441211,4,0,0.056999123,coast,94878,0,0,0,1,1
538,Yaounde,Cameroon,CM,POINT (1281732.323823565 430576.0690756176),1817524,2,1,190.74696968432264,inland,,0,0,0,1,1
509,Douala,Cameroon,CM,POINT (1080508.649758788 460890.5790726158),1906962,2,0,8.423344553854804,coast,89438,0,0,0,1,1
2309,Moroni,Comoros,CN,POINT (4813789.011141459 -1311585.315928626),74749,6,1,0,coast,,1,0,1,0,1
450,Bogota,Colombia,CO,POINT (-8246604.831877884 515995.7799317526),7876000,1,1,336.0967356868397,inland,,0,0,0,1,1
451,Barranquilla,Colombia,CO,POINT (-8327366.004727291 1230291.950133897),1322900,2,0,9.84189525,coast,6553100,0,0,0,1,1
292,San Jose,Costa Rica,CS,POINT (-9359589.23140653 1111031.827964589),1453500,2,1,52.27359211021397,inland,,0,0,0,1,1
305,Puntarenas,Costa Rica,CS,POINT (-9444679.525335794 1115386.33853301),87500,6,0,0,coast,1366000,0,0,0,1,1
529,Bangui,Central African Republic,CT,POINT (2066351.057421023 486475.750880334),812407,3,1,966.4325436,inland,,0,1,0,0,1
492,Havana,Cuba,CU,POINT (-9174557.866165999 2637939.992086856),2137847,2,1,7.086825733738852,coast,,0,0,0,1,1
380,Camaguey,Cuba,CU,POINT (-8673346.657882033 2437964.686707413),310819,4,0,52.71747652994261,inland,1827028,0,0,0,1,1
1628,Praia,Cape Verde,CV,POINT (-2618345.248635168 1680327.653849921),137868,5,1,1.6276279649303562,coast,,1,0,1,0,1
651,Nicosia,Cyprus,CY,POINT (3714620.465941647 4187143.856283624),56479,6,1,22.265381846557283,inland,,0,0,0,1,1
652,Larnaka,Cyprus,CY,POINT (3744342.100202405 4152607.897354529),52046,6,0,0.4810629418807335,coast,4433,0,0,0,1,1
996,Copenhagen,Denmark,DA,POINT (1397059.208208475 7502876.104936124),1378649,2,1,3.624332651491295,coast,,0,0,0,1,1
930,Viborg,Denmark,DA,POINT (1048295.352587238 7649129.602520228),42305,7,0,17.438830426969893,inland,1336344,0,0,0,1,1
874,Djibouti,Djibouti,DJ,POINT (4797870.207168958 1288857.410462036),776966,3,1,8.855137086888062,coast,,0,0,0,1,1
877,Ali Sabieh,Djibouti,DJ,POINT (4754678.362246973 1249348.41316183),44782,7,0,36.84058971044769,inland,732184,0,0,0,1,1
1560,Roseau,Dominica,DO,POINT (-6833733.07455516 1723683.199287527),14725,7,1,0.2123057892797123,coast,,1,0,1,0,1
429,Santo Domingo,Dominican Republic,DR,POINT (-7781121.495874469 2094864.988356963),2752784,2,1,1.799947465993243,coast,,0,0,0,1,1
413,Santiago,Dominican Republic,DR,POINT (-7871066.864747788 2208697.01898325),612595,3,0,37.21791326243557,inland,2140189,0,0,0,1,1
69,Quito,Ecuador,EC,POINT (-8741282.81667071 -25547.88236192561),1763275,2,1,163.85567484007456,inland,,0,0,0,1,1
54,Machala,Ecuador,EC,POINT (-8900438.747622473 -363766.6126654436),288072,4,0,3.0166644687113537,coast,1475203,0,0,0,1,1
677,Cairo,Egypt,EG,POINT (3478823.06696421 3513568.383398851),9801536,1,1,133.80442776883837,inland,,0,0,0,1,1
665,Alexandria,Egypt,EG,POINT (3329020.662985192 3659335.149813773),5362517,1,0,0.1554049560232058,coast,4439019,0,0,0,1,1
1607,Dublin,Ireland,EI,POINT (-696564.8724210347 7046428.87102982),592713,3,1,4.598314664625148,coast,,0,0,0,1,1
1610,Cork,Ireland,EI,POINT (-945213.3151187559 6781702.793607472),131423,5,0,22.11117729988808,inland,461290,0,0,0,1,1
510,Malabo,Equatorial Guinea,EK,POINT (976557.0581901014 417032.9254130508),132440,5,1,1.4457874002621145,coast,,0,0,0,1,1
540,Ebebiyin,Equatorial Guinea,EK,POINT (1261249.984462675 239727.0580046907),19515,7,0,169.18253112355254,inland,112925,0,0,0,1,1
2137,Tallinn,Estonia,EN,POINT (2755157.432672168 8270995.044441925),437817,4,1,5.447415967602471,coast,,1,0,1,0,1
859,Asmara,Eritrea,ER,POINT (4338120.599097612 1727260.702368662),380568,4,1,59.554947242165404,inland,,0,1,1,0,1
329,San Salvador,El Salvador,ES,POINT (-9929724.472876636 1539982.288859657),316090,4,1,27.08447255558688,inland,,0,0,0,1,1
322,La Union,El Salvador,ES,POINT (-9778192.818952367 1497687.752587277),16911,7,0,0.6108704636317396,coast,299179,0,0,0,1,1
886,Addis Ababa,Ethiopia,ET,POINT (4308064.337260117 1009402.085523482),3860000,2,1,510.8226212366519,inland,,0,1,0,0,1
966,Prague,Czech Republic,EZ,POINT (1609345.579694499 6464652.921291353),1301432,2,1,688.6176213047936,inland,,0,1,0,0,1
2136,Helsinki,Finland,FI,POINT (2780393.675787913 8443598.846845994),674500,3,1,0.7291918914801118,coast,,0,0,0,1,1
2143,Jyvaskyla,Finland,FI,POINT (2866254.396059826 8917471.14961708),147746,5,0,408.18579560275134,inland,526754,0,0,0,1,1
2526,Suva,Fiji,FJ,POINT (19864709.91923504 -2053301.299439344),185913,5,1,1.3752588041448444,coast,,1,0,1,0,1
1453,Palikir,Micronesia,FM,POINT (17612603.17870659 777447.7894506138),6647,7,1,0,coast,,1,0,1,0,1
1937,Paris,France,FR,POINT (262152.1853020673 6250849.855410966),2133111,2,1,229.65140589704325,inland,,0,0,0,1,1
1919,Marseille,France,FR,POINT (599455.1561641973 5355452.243053542),873076,3,0,1.9172198676825285,coast,1260035,0,0,0,1,1
1713,Banjul,The Gambia,GA,POINT (-1847546.385265865 1512788.226379486),31054,7,1,1.4711405609878363,coast,,0,0,0,1,1
1722,Basse Santa Su,The Gambia,GA,POINT (-1583296.744654032 1495171.475984878),11354,7,0,196.9682159590703,inland,19700,0,0,0,1,1
519,Libreville,Gabon,GB,POINT (1052414.062646942 43525.80842123812),703940,3,1,1.2357065087622687,coast,,0,0,0,1,1
2359,Masuku (Franceville),Gabon,GB,POINT (1514278.631216878 -181697.6382243382),110568,5,0,372.9035153569431,inland,593372,0,0,0,1,1
779,T'Bilisi,Georgia,GG,POINT (4985234.938883861 5119399.045266758),1154314,2,1,1189.3524318239945,inland,,0,1,0,0,1
1848,Accra,Ghana,GH,POINT (-22366.82844468055 619749.2250598329),2070463,2,1,1.7970518354832858,coast,,0,0,0,1,1
1846,Kumasi,Ghana,GH,POINT (-180559.9567375904 746089.1411621426),2035064,2,0,177.21712117679044,inland,35399,0,0,0,1,1
1565,Saint George's,Grenada,GJ,POINT (-6873422.355223078 1353107.169389859),3308,7,1,1.0641571254043285,coast,,1,0,1,0,1
985,Berlin,Germany,GM,POINT (1483618.2344287 6894017.246600147),3596999,2,1,280.7933499637283,inland,,0,0,0,1,1
910,Kiel,Germany,GM,POINT (1126665.057372562 7231949.082797518),249132,5,0,2.1577312977489376,coast,3347867,0,0,0,1,1
687,Athens,Greece,GR,POINT (2633039.846698651 4571517.906740225),3146164,2,1,0.8814319844386964,coast,,0,0,0,1,1
615,Larisa,Greece,GR,POINT (2495671.698720484 4813764.564089537),146374,5,0,48.39213228733146,inland,2999790,0,0,0,1,1
276,Guatemala,Guatemala,GT,POINT (-10077185.51542567 1645215.772699171),923392,3,1,80.69349261939277,inland,,0,0,0,1,1
334,Puerto Barrios,Guatemala,GT,POINT (-9862572.777656805 1773128.829049643),100593,5,0,0.7406644793956805,coast,822799,0,0,0,1,1
1690,Conakry,Guinea,GV,POINT (-1521959.924323388 1068057.982971809),1660973,2,1,0.4401288086255616,coast,,0,0,0,1,1
1777,Nzerekore,Guinea,GV,POINT (-981615.4532161829 865930.9780911169),195027,5,0,247.95848149979213,inland,1465946,0,0,0,1,1
1546,Georgetown,Guyana,GY,POINT (-6475454.411232643 755392.5139232315),118369,5,1,4.915600982127817,coast,,1,0,1,0,1
407,Port-au-Prince,Haiti,HA,POINT (-8053197.792735261 2099281.241403823),875978,3,1,2.074020143822556,coast,,0,0,0,1,1
405,Hinche,Haiti,HA,POINT (-8015448.136189679 2171779.105850022),30595,7,0,62.68766744877563,inland,845383,0,0,0,1,1
349,Tegucigalpa,Honduras,HO,POINT (-9707393.287082622 1585577.468578819),1132000,2,1,81.07262218,inland,,0,0,0,1,1
314,La Ceiba,Honduras,HO,POINT (-9670546.32365652 1776368.140221483),209000,5,0,0.9958180634306376,coast,923000,0,0,0,1,1
984,Zagreb,Croatia,HR,POINT (1777104.617086875 5749475.079366432),663592,3,1,166.09189641258007,inland,,0,0,0,1,1
978,Rijeka,Croatia,HR,POINT (1606707.649623842 5674145.77962227),107964,5,0,0.8214591724923155,coast,555628,0,0,0,1,1
2042,Budapest,Hungary,HU,POINT (2125534.839895436 6026543.412662773),1685342,2,1,611.0927025235025,inland,,0,1,0,0,1
1602,Reykjavik,Iceland,IC,POINT (-2437340.430406353 9384128.756427735),239733,5,1,3.251248136248142,coast,,1,0,1,0,1
1482,Jakarta,Indonesia,ID,POINT (11888921.9951775 -687799.1996409829),9607787,1,1,4.565406173369462,coast,,0,0,0,1,1
1469,Bandung,Indonesia,ID,POINT (11978756.15311326 -771313.4556837199),2394873,2,0,69.23018562852783,inland,7212914,0,0,0,1,1
1038,New Delhi,India,IN,POINT (8595729.435482036 3320868.324907529),257803,4,1,927.1529358,inland,,0,0,0,1,1
1123,Panaji,India,IN,POINT (8217382.217804342 1745967.053077242),114759,5,0,1.4433299714938452,coast,143044,0,0,0,1,1
2216,Tehran,Iran,IR,POINT (5727164.754477739 4269568.653985873),8693706,1,1,755.8077788192987,inland,,0,0,0,1,1
2294,Bandar-E Abbas,Iran,IR,POINT (6264393.403491385 3147857.126599395),526648,3,0,2.291941074619122,coast,8167058,0,0,0,1,1
826,Jerusalem,Israel,IS,POINT (3921253.261688584 3733647.517559947),981711,3,1,61.70024669069958,inland,,0,0,0,1,1
812,Tel Aviv-Yafo,Israel,IS,POINT (3870578.396235606 3769219.551245259),474530,4,0,2.195116699,coast,507181,0,0,0,1,1
600,Rome,Italy,IT,POINT (1393719.951054201 5143020.498696454),2754719,2,1,32.96461084664908,inland,,0,0,0,1,1
590,Naples,Italy,IT,POINT (1586305.462456011 4987793.295744269),911697,3,0,0.2434051004645492,coast,1843022,0,0,0,1,1
1822,Yamoussoukro,Cote d'Ivoire,IV,POINT (-588100.8284406138 760774.3070535831),212670,5,1,189.84961600512528,inland,,0,0,0,1,1
1768,San Pedro,Cote d'Ivoire,IV,POINT (-738826.9813783647 530714.6677080785),164944,5,0,2.345077315673921,coast,47726,0,0,0,1,1
832,Baghdad,Iraq,IZ,POINT (4942362.689548385 3939721.529680526),6719476,1,1,593.2365452,inland,,0,1,0,0,1
1460,Tokyo,Japan,JA,POINT (15563467.39689217 4257090.153823774),9733276,1,1,2.7231663890319826,coast,,0,0,0,1,1
1464,Kyoto,Japan,JA,POINT (15112177.63081539 4165104.412025819),1463723,2,0,54.72313301472143,inland,8269553,0,0,0,1,1
400,Kingston,Jamaica,JM,POINT (-8549283.423937166 2033677.540405365),584627,3,1,0.2327597089239348,coast,,0,0,0,1,1
398,Spanish Town,Jamaica,JM,POINT (-8566257.193616476 2036962.846226352),147152,5,0,10.169706550865287,inland,437475,0,0,0,1,1
824,Amman,Jordan,JO,POINT (4000032.735580252 3756667.657578032),1812059,2,1,129.29312116490044,inland,,0,1,0,0,1
2446,Nairobi,Kenya,KE,POINT (4097002.244008185 -141387.2139429134),4828000,2,1,411.0382869445152,inland,,0,0,0,1,1
2427,Mombasa,Kenya,KE,POINT (4414362.319343761 -451325.3126267015),1208333,2,0,3.528301851080194,coast,3619667,0,0,0,1,1
1049,Bishkek,Kyrgyzstan,KG,POINT (8323358.596351802 5293723.805101711),1145044,2,1,2524.658632322245,inland,,0,1,0,0,1
1383,P'yongyang,North Korea,KN,POINT (13999205.24214168 4725827.001849595),2521785,2,1,49.54222921480173,inland,,0,0,0,1,1
1397,Hamhung,North Korea,KN,POINT (14199691.53813644 4853453.002495606),703610,3,0,3.644855143009624,coast,1818175,0,0,0,1,1
1454,Tarawa,Kiribati,KR,POINT (19249490.29421955 149266.0077835576),70090,6,1,0,coast,,1,0,1,0,1
1390,Seoul,South Korea,KS,POINT (14130366.76240668 4514976.419833351),9586195,1,1,32.672171365884495,coast,,0,0,0,1,1
1381,Taegu,South Korea,KS,POINT (14314684.78970863 4281924.213526561),2365523,2,0,90.86643784,inland,7220672,0,0,0,1,1
2231,Kuwait,Kuwait,KU,POINT (5340445.860375745 3424857.053598853),62074,6,1,0,coast,,0,0,0,1,1
2233,Al-Ahmadi,Kuwait,KU,POINT (5350905.436031936 3387997.761437114),30991,7,0,7.791603502981809,inland,31083,0,0,0,1,1
1011,Astana,Kazakhstan,KZ,POINT (7951774.024231912 6654794.494687579),1354507,2,1,3277.0446117846104,inland,,0,1,0,0,1
1258,Vientiane,Laos,LA,POINT (11430311.52090532 2037751.858390517),620157,3,1,345.45859695114746,inland,,0,1,0,0,1
750,Beirut,Lebanon,LE,POINT (3951841.519660886 4013146.303846376),1650000,2,1,2.483292918,coast,,0,0,0,1,1
751,Zahle,Lebanon,LE,POINT (3998484.827438754 4007739.794286323),140000,5,0,37.02287664598933,inland,1510000,0,0,0,1,1
2138,Riga,Latvia,LG,POINT (2677233.566401151 7735631.169677287),605273,3,1,24.61010939988343,coast,,1,0,1,0,1
2115,Vilnius,Lithuania,LH,POINT (2813707.034636997 7301655.644217811),592156,3,1,448.89379454736974,inland,,0,1,1,0,1
1784,Monrovia,Liberia,LI,POINT (-1201916.841368019 702842.130789922),1021762,2,1,0.4098918345509449,coast,,0,0,0,1,1
1780,Gbarnga,Liberia,LI,POINT (-1055676.079575276 781182.4464061459),56986,6,0,135.4902679926924,inland,964776,0,0,0,1,1
2039,Bratislava,Slovakia,LO,POINT (1906902.592149489 6131845.860535126),478040,4,1,544.4917927737044,inland,,0,1,0,0,1
915,Vaduz,Liechtenstein,LS,POINT (1059873.024624943 5965446.457520504),5747,7,1,406.1639281952249,inland,,0,1,1,0,1
2477,Maseru,Lesotho,LT,POINT (3060395.810558742 -3414905.743857604),343541,4,1,372.6956028581395,inland,,0,1,0,0,1
1997,Luxembourg,Luxembourg,LU,POINT (681275.3290413525 6378663.094597118),132780,5,1,425.26403611158895,inland,,0,1,0,0,1
637,Tripoli,Libya,LY,POINT (1464618.664584991 3881127.060492501),1063571,2,1,0,coast,,0,0,0,1,1
644,Sabha,Libya,LY,POINT (1606451.166290459 3131594.739816795),121895,5,0,565.5692008981828,inland,941676,0,0,0,1,1
2496,Antananarivo,Madagascar,MA,POINT (5290792.912356923 -2144107.504930166),1274225,2,1,161.30756110325356,inland,,0,0,0,1,1
2495,Toamasina,Madagascar,MA,POINT (5497323.523729072 -2057069.510761221),325857,4,0,1.9991260994624804,coast,948368,0,0,0,1,1
2129,Chisinau,Moldova,MD,POINT (3209340.617388989 5942073.758187871),532513,3,1,1005.320858569532,inland,,0,1,1,0,1
1414,Ulaanbaatar,Mongolia,MG,POINT (11901389.33629412 6095050.423070417),1466431,2,1,1815.285522616248,inland,,0,1,0,0,1
2451,Lilongwe,Malawi,MI,POINT (3759704.849487126 -1572266.603342588),1637583,2,1,579.8915277213501,inland,,0,1,0,0,1
609,Podgorica,Montenegro,MJ,POINT (2159598.600855055 5236173.475221044),179505,5,1,66.31631739,inland,,0,1,1,0,1
611,Skopje,North Macedonia,MK,POINT (2385948.320283648 5158483.43011942),526502,3,1,203.8500930448174,inland,,0,1,1,0,1
1737,Bamako,Mali,ML,POINT (-889051.1837402304 1420110.760872014),4227569,2,1,694.2166275357644,inland,,0,1,0,0,1
1923,Monaco,Monaco,MN,POINT (826436.0533886409 5426065.392508837),,0,1,0.9181752344135145,coast,,1,0,1,0,1
1643,Rabat,Morocco,MO,POINT (-760645.8230964893 4030815.79186785),577827,3,1,1.762565585327431,coast,,0,0,0,1,1
1666,Meknes,Morocco,MO,POINT (-618601.9156067969 4015918.700818739),525092,3,0,131.53193112428858,inland,52735,0,0,0,1,1
2497,Port Louis,Mauritius,MP,POINT (6400425.030690718 -2292588.201297303),140403,5,1,0.678114966,coast,,1,0,1,0,1
1705,Nouakchott,Mauritania,MR,POINT (-1778662.455808591 2047382.584549876),1446761,2,1,5.330436458,coast,,0,0,0,1,1
1678,Kiffa,Mauritania,MR,POINT (-1269487.313835416 1876286.411580395),146464,5,0,531.1404586,inland,1300297,0,0,0,1,1
594,Valletta,Malta,MT,POINT (1614578.388657888 4288656.491748923),5157,7,1,0.3942086044146864,coast,,1,0,1,0,1
2298,Muscat,Oman,MU,POINT (6521986.598819567 2705591.948755304),24099,7,1,1.3918462265618052,coast,,1,0,0,0,1
259,Mexico City,Mexico,MX,POINT (-11034831.13317971 2205279.118866273),8843706,1,1,261.1907849334139,inland,,0,0,0,1,1
263,Acapulco,Mexico,MX,POINT (-11124323.64492566 1917842.697138475),658609,3,0,9.702919022236909,coast,8185097,0,0,0,1,1
1293,Kuala Lumpur,Malaysia,MY,POINT (11322082.92284056 350833.1677253333),1588750,2,1,39.765210146702096,inland,,0,0,0,1,1
1295,Kuching,Malaysia,MY,POINT (12283437.48154792 172454.7856762402),511500,3,0,10.71091837882451,coast,1077250,0,0,0,1,1
2457,Maputo,Mozambique,MZ,POINT (3626120.802413455 -2994375.617800983),1080277,2,1,1.943668153375124,coast,,0,0,0,1,1
2452,Nampula,Mozambique,MZ,POINT (4370069.399558634 -1702456.589765602),663212,3,0,134.9421545863811,inland,417065,0,0,0,1,1
1893,Niamey,Niger,NG,POINT (235997.8064117622 1518517.709508629),978029,3,1,809.4628908674545,inland,,0,1,0,0,1
2525,Port Vila,Vanuatu,NH,POINT (18737407.7148017 -2007138.203020746),49528,7,1,0.5368712838087447,coast,,1,0,1,0,1
1885,Abuja,Nigeria,NI,POINT (807777.1165491384 1012475.967103786),107069,5,1,431.6317959001163,inland,,0,0,0,1,1
1874,Lagos,Nigeria,NI,POINT (367354.6872851785 719532.4211919424),527157,3,0,5.254351272956466,coast,420088,0,0,0,1,1
1959,Amsterdam,Netherlands,NL,POINT (544891.0211397548 6867859.513336631),933263,3,1,38.87526684795946,inland,,0,0,0,1,1
1961,The Hague,Netherlands,NL,POINT (476559.1120493281 6813878.548228475),920705,3,0,4.249112950242012,coast,12558,0,0,0,1,1
934,Oslo,Norway,NO,POINT (1192454.202154025 8385947.640137548),1082575,2,1,5.153848204396093,coast,,0,0,0,1,1
933,Hamar,Norway,NO,POINT (1232195.597405706 8584609.588573746),29605,7,0,207.52929138794264,inland,1052970,0,0,0,1,1
1094,Kathmandu,Nepal,NP,POINT (9496994.534303332 3212713.991541774),862400,3,1,758.9167500618746,inland,,0,1,0,0,1
2528,Yaren,Nauru,NR,POINT (18581082.09023689 -57519.44475390565),803,7,1,0,coast,,1,0,1,0,1
1568,Paramaribo,Suriname,NS,POINT (-6141496.273865835 649667.5090603697),240924,5,1,7.974789540115106,coast,,0,0,0,1,1
1566,Onverwacht,Suriname,NS,POINT (-6144835.512598548 624383.8282787201),6113,7,0,33.23763512042944,inland,234811,0,0,0,1,1
353,Managua,Nicaragua,NU,POINT (-9603866.496610539 1362897.903203048),1055111,2,1,45.58432832,inland,,0,0,0,1,1
317,Bluefields,Nicaragua,NU,POINT (-9324788.092376893 1346960.757667503),56421,6,0,6.170743145518642,coast,998690,0,0,0,1,1
1506,Wellington,New Zealand,NZ,POINT (19459450.31784417 -5061856.656164672),212000,5,1,0.2650657763643884,coast,,0,0,0,1,1
2532,Hamilton,New Zealand,NZ,POINT (19511300.36808278 -4547829.84708859),179900,5,0,33.512099368039976,inland,32100,0,0,0,1,1
2499,Juba,South Sudan,OD,POINT (3517375.148096365 539881.9256746982),230195,5,1,1274.995948368315,inland,,0,1,0,0,1
105,Asuncion,Paraguay,PA,POINT (-6414451.205293102 -2913254.117164784),462241,4,1,985.7261128,inland,,0,1,0,0,1
85,Lima,Peru,PE,POINT (-8576610.568998536 -1355041.49626849),11166200,1,1,3.422828497667018,coast,,0,0,0,1,1
14,Arequipa,Peru,PE,POINT (-7961903.892228147 -1850859.740048405),1125400,2,0,91.18098129545602,inland,10040800,0,0,0,1,1
1040,Islamabad,Pakistan,PK,POINT (8133062.368639299 3991020.020009773),1108872,2,1,1278.227541597021,inland,,0,0,0,1,1
2297,Karachi,Pakistan,PK,POINT (7461523.310572849 2862607.916967412),18868021,1,0,10.59609181296914,coast,17759149,0,0,0,1,1
2029,Warsaw,Poland,PL,POINT (2339031.489232488 6844536.595498353),1861599,2,1,410.1578670223208,inland,,0,0,0,1,1
2011,Gdansk,Poland,PL,POINT (2073325.108763053 7239779.893327274),487371,4,0,2.285375542413134,coast,1374228,0,0,0,1,1
308,Panama,Panama,PM,POINT (-8851800.698424753 1006345.651613877),1132969,2,1,2.532714441,coast,,0,0,0,1,1
300,Santiago,Panama,PM,POINT (-9012982.411119353 904818.8073821744),51339,6,0,23.65130486571087,inland,1081630,0,0,0,1,1
1647,Lisbon,Portugal,PO,POINT (-1016346.461379616 4683069.432627457),545796,3,1,2.318931002698549,coast,,0,0,0,1,1
1637,Braga,Portugal,PO,POINT (-938088.980717473 5093064.314406605),175834,5,0,36.77302916820876,inland,369962,0,0,0,1,1
2522,Port Moresby,Papua New Guinea,PP,POINT (16380434.67873022 -1062096.818872188),364125,4,1,0,coast,,0,0,0,1,1
2506,Mount Hagen,Papua New Guinea,PP,POINT (16054496.55027103 -654032.3466568865),29765,7,0,175.41998517758935,inland,334360,0,0,0,1,1
1140,Koror,Palau,PS,POINT (14971545.3672125 819398.3318325246),9564,7,1,0.1938421463666516,coast,,1,0,1,0,1
1720,Bissau,Guinea-Bissau,PU,POINT (-1736361.274729583 1330234.401378702),387909,4,1,2.177619436553088,coast,,0,0,0,1,1
1725,Gabu,Guinea-Bissau,PU,POINT (-1584522.036073735 1377590.444512969),43556,7,0,124.87743765440185,inland,344353,0,0,0,1,1
2255,Doha,Qatar,QA,POINT (5736553.337672822 2910712.086824142),872048,3,1,0.9179817245791376,coast,,1,0,1,0,1
608,Belgrade,Serbia,RB,POINT (2272315.611200109 5590039.830074892),1197714,2,1,400.1224619868323,inland,,0,1,1,0,1
1452,Majuro,Marshall Is.,RM,POINT (19076560.58377433 794752.5600166533),23156,7,1,0,coast,,1,0,1,0,1
708,Bucharest,Romania,RO,POINT (2907995.543394809 5532303.437666734),1716961,2,1,518.7954359894409,inland,,0,1,0,0,1
1408,Manila,Philippines,RP,POINT (13465979.10000831 1645065.640955524),1846513,2,1,1.0116474762914869,coast,,1,0,0,0,1
2171,Moscow,Russia,RS,POINT (4196744.951997343 7508807.065432232),13010112,1,1,1200.580498,inland,,0,0,0,1,1
2144,Saint Petersburg,Russia,RS,POINT (3367414.521367191 8381207.167080251),5601911,1,0,0,coast,7408201,0,0,0,1,1
2420,Kigali,Rwanda,RW,POINT (3346152.729100915 -217115.2676385635),859332,3,1,1060.314680295296,inland,,0,1,0,0,1
2241,Riyadh,Saudi Arabia,SA,POINT (5206412.953652497 2832815.974877277),6924566,1,1,395.5894053016646,inland,,0,0,0,1,1
861,Jeddah,Saudi Arabia,SA,POINT (4360718.893721173 2456744.9362863),3712917,2,0,2.208238626241544,coast,3211649,0,0,0,1,1
1555,Basseterre,St. Kitts & Nevis,SC,POINT (-6983294.027191045 1954958.330734834),11400,7,1,0.1622741235630406,coast,,1,0,1,0,1
2492,Victoria,Seychelles,SE,POINT (6172109.657480269 -514519.2172540111),29664,7,1,1.3666885191474445,coast,,1,0,1,0,1
2482,Pretoria,South Africa,SF,POINT (3141213.095469739 -2965802.098754277),1763336,2,1,484.3406969578114,inland,,0,0,0,1,1
2462,Port Elizabeth,South Africa,SF,POINT (2836899.442884398 -4012910.976548554),876436,3,0,15.219080179077302,coast,886900,0,0,0,1,1
1704,Dakar,Senegal,SG,POINT (-1942747.608469979 1653154.323213587),3186088,2,1,1.3252012906750048,coast,,0,0,0,1,1
1703,Thies,Senegal,SG,POINT (-1883970.573966629 1666737.281198368),391253,4,0,25.71525900638097,inland,2794835,0,0,0,1,1
983,Ljubljana,Slovenia,SI,POINT (1629673.638518321 5791301.093993144),284293,4,1,116.52076123406044,inland,,0,1,1,0,1
1694,Freetown,Sierra Leone,SL,POINT (-1473758.705498752 948130.0641871315),609174,3,1,0.2651888765126377,coast,,0,0,0,1,1
1776,Kenema,Sierra Leone,SL,POINT (-1245108.686289983 879638.7355806784),255110,4,0,107.81553467526126,inland,354064,0,0,0,1,1
596,San Marino,San Marino,SM,POINT (1387782.849136551 5452554.330669458),33908,7,1,24.96160831501665,inland,,0,1,1,0,1
1300,Singapore,Singapore,SN,POINT (11558502.47305111 141259.9491541529),4660,7,1,0.1528723075656239,coast,,1,0,1,0,1
2225,Mogadishu,Somalia,SO,POINT (5047686.834460732 227270.4200440208),1650227,2,1,0.7264976993123773,coast,,0,0,0,1,1
879,Hargeysa,Somalia,SO,POINT (4904737.249559375 1069299.505418305),741000,3,0,100.62872214141848,inland,909227,0,0,0,1,1
1658,Madrid,Spain,SP,POINT (-410877.0899810109 4930414.13332514),3340176,2,1,397.9812178738285,inland,,0,0,0,1,1
1921,Barcelona,Spain,SP,POINT (240338.9383465654 5065290.417331614),1655956,2,0,1.2262960530930902,coast,1684220,0,0,0,1,1
1562,Castries,St. Lucia,ST,POINT (-6788596.576425907 1574217.01162277),446,7,1,1.739331785868051,coast,,1,0,0,0,1
852,Khartoum,Sudan,SU,POINT (3621222.639448363 1752668.526973266),1410858,2,1,667.0150482833568,inland,,0,0,0,1,1
857,Port Sudan,Sudan,SU,POINT (4143276.862751051 2227561.291055989),394561,4,0,0.8583571689978889,coast,1016297,0,0,0,1,1
964,Stockholm,Sweden,SW,POINT (2002799.100166599 8252311.895080171),988943,3,1,9.401216236395229,coast,,0,0,0,1,1
961,Uppsala,Sweden,SW,POINT (1964455.311575647 8367303.213646865),245329,5,0,103.99823668589326,inland,743614,0,0,0,1,1
817,Damascus,Syria,SY,POINT (4040897.219455298 3961859.956831604),1414913,2,1,97.33237945889068,inland,,0,0,0,1,1
746,Al Ladhiqiyah,Syria,SY,POINT (3984347.36957376 4234910.580696249),383786,4,0,2.0564064994773394,coast,1031127,0,0,0,1,1
1990,Bern,Switzerland,SZ,POINT (828884.6282783723 5933589.822055236),284176,4,1,427.0672174242801,inland,,0,1,0,0,1
1542,Port of Spain,Trinidad & Tobago,TD,POINT (-6845042.233982986 1191276.570950145),37074,7,1,0.7403436574536818,coast,,1,0,1,0,1
1210,Bangkok,Thailand,TH,POINT (11189464.68113952 1545550.421204106),5666264,1,1,27.008842620550567,coast,,0,0,0,1,1
1209,Nonthaburi,Thailand,TH,POINT (11189819.33294834 1556788.209697707),254375,4,0,37.84611441591126,inland,5411889,0,0,0,1,1
1058,Dushanbe,Tajikistan,TI,POINT (7669913.393874317 4668809.681661858),1201800,2,1,1742.9177594027644,inland,,0,1,0,0,1
21,Nuku' alofa,Tonga,TN,POINT (-19508256.59405851 -2407494.121570886),21185,7,1,2.241620563489154,coast,,1,0,1,0,1
1882,Lome,Togo,TO,POINT (133755.4221346927 680652.9742512496),1477658,2,1,0,coast,,0,0,0,1,1
1877,Kpalime,Togo,TO,POINT (70464.94045553335 770192.2370320766),75084,6,0,102.44014511976138,inland,1402574,0,0,0,1,1
1862,Sao Tome,Sao Tome & Principe,TP,POINT (748958.0256319277 37514.43820742369),66888,6,1,0.4075082720941834,coast,,1,0,0,0,1
572,Tunis,Tunisia,TS,POINT (1131674.431275223 4413907.666527156),599368,3,1,13.40467690917068,coast,,0,0,0,1,1
577,Kasserine,Tunisia,TS,POINT (970338.419622023 4193369.353613288),601915,3,0,198.30314530591124,inland,2547,0,0,0,1,1
1487,Dili,Timor Leste,TT,POINT (13979612.57185972 -957697.5731361954),267623,4,1,2.060564537607357,coast,,1,0,1,0,1
649,Ankara,Turkey,TU,POINT (3657178.939031498 4855630.683670079),5186002,1,1,474.4244843043776,inland,,0,0,0,1,1
683,Izmir,Turkey,TU,POINT (3021767.501025123 4640775.634204186),2948160,2,0,0.6873456946370488,coast,2237842,0,0,0,1,1
2523,Funafuti,Tuvalu,TV,POINT (19950889.24032939 -953814.1826859901),6320,7,1,0,coast,,1,0,1,0,1
2276,Ashgabat,Turkmenistan,TX,POINT (6499960.367216557 4572423.756247134),1030063,2,1,1395.7242924560744,inland,,0,1,0,0,1
2438,Dar es Salaam,Tanzania,TZ,POINT (4369662.63316601 -760701.6688919978),5383728,1,1,3.671615849,coast,,0,0,0,1,1
2436,Dodoma,Tanzania,TZ,POINT (3978336.120890551 -688732.3344121146),765179,3,0,338.80770196235846,inland,4618549,0,0,0,1,1
842,Kampala,Uganda,UG,POINT (3626232.013351002 35956.50131650084),1680600,2,1,913.8316914738068,inland,,0,1,0,0,1
1611,London,United Kingdom,UK,POINT (-19815.05599452416 6708057.575925176),8776535,1,1,100.225925,inland,,0,0,0,1,1
1620,Liverpool,United Kingdom,UK,POINT (-330730.0549875523 7061628.195163474),506552,3,0,8.587963327353608,coast,8269983,0,0,0,1,1
2124,Kyiv,Ukraine,UP,POINT (3395479.062920127 6524253.906255317),2952301,2,1,1321.0091429240997,inland,,0,1,0,0,1
1513,Washington D.C.,United States,US,POINT (-8566461.580787636 4706057.115239593),678972,3,1,0.9180260464909736,coast,,0,0,0,1,1
227,El Paso,United States,US,POINT (-11849959.98050611 3734466.590170178),678958,3,0,677.2584178737941,inland,14,0,0,0,1,1
1752,Ouagadougou,Burkina Faso,UV,POINT (-185903.9582169811 1400385.179058312),2415266,2,1,782.6751751429573,inland,,0,1,0,0,1
157,Montevideo,Uruguay,UY,POINT (-6252815.64070706 -4153014.777927632),1304687,2,1,0.1884165364576388,coast,,0,0,0,1,1
138,Salto,Uruguay,UY,POINT (-6452411.27285885 -3684284.264443307),104011,5,0,335.31788936400363,inland,1200676,0,0,0,1,1
1078,Tashkent,Uzbekistan,UZ,POINT (7719992.13775377 5048981.239993461),2956384,2,1,2126.201427720299,inland,,0,1,0,0,1
1563,Kingstown,St. Vincent & the Grenadines,VC,POINT (-6816015.902956806 1477487.713341586),12909,7,1,0.081811312,coast,,1,0,1,0,1
1532,Caracas,Venezuela,VE,POINT (-7447082.193129026 1175004.612708875),2087700,2,1,12.061739006991331,coast,,0,0,0,1,1
469,Valencia,Venezuela,VE,POINT (-7570059.402622537 1139016.186023088),1585500,2,0,32.426992932548565,inland,502200,0,0,0,1,1
1267,Hanoi,Vietnam,VM,POINT (11779828.78135085 2395456.492793864),3605364,2,1,101.33036055641011,inland,,0,0,0,1,1
1277,Da Nang,Vietnam,VM,POINT (12046438.84970379 1810745.912429966),988561,3,0,2.890387276634457,coast,2616803,0,0,0,1,1
2333,Windhoek,Namibia,WA,POINT (1901002.535982288 -2578894.465439092),486186,4,1,283.5929461639685,inland,,0,0,0,1,1
2329,Swakopmund,Namibia,WA,POINT (1617249.385422751 -2592641.405385304),75921,6,0,0.576776908,coast,410265,0,0,0,1,1
17,Apia,Samoa,WS,POINT (-19117952.97555974 -1555525.219873155),35974,7,1,0,coast,,1,0,1,0,1
2458,Mbabane,Eswatini,WZ,POINT (3472199.669953191 -3036704.873815354),60691,6,1,157.16325398376543,inland,,0,1,0,0,1
865,Sanaa,Yemen,YM,POINT (4921379.394375705 1730890.67994842),1707531,2,1,149.61637452401436,inland,,0,0,0,1,1
2214,Aden,Yemen,YM,POINT (5013996.773199519 1433039.157505845),588938,3,0,0.1294414614251098,coast,1118593,0,0,0,1,1
2382,Lusaka,Zambia,ZA,POINT (3135870.088754392 -1738805.992643869),2212301,2,1,897.5004782858199,inland,,0,1,0,0,1
2312,Harare,Zimbabwe,ZI,POINT (3453130.9824289 -2017659.784816404),1491754,2,1,479.3998325051742,inland,,0,1,0,0,1